index,modelo,mean,std,min,max
0,base,26.786041,3.6905265517508483,22.258356,32.782775
1,config_b,23.273084333333333,3.042173861801239,19.779481,28.824174
